amostra,velocidade_vento,umidade_relativa,vibracao_torre,valor_defuzzificado
0,5.2,18,0.8,8.333333333333334
1,7.5,35,1.9,21.83582089552239
2,10.8,42,3.2,52.49999999999999
3,13.6,58,4.5,72.50000000000001
4,15.4,67,5.1,72.5
5,18.9,74,6.4,90.9014492753623
6,21.7,83,7.2,91.37795275590551
7,24.5,91,8.3,91.01902748414376
8,27.8,96,9.1,91.9386503067485
9,12.4,49,3.8,60.17605633802817
10,16.7,62,5.7,72.5
11,22.9,88,7.9,90.55307262569832
