amostra,velocidade_vento,umidade_relativa,vibracao_torre,valor_defuzzificado
0,5.2,18,0.8,7.942301305175237
1,7.5,35,1.9,22.283109930908854
2,10.8,42,3.2,52.49999999999999
3,13.6,58,4.5,72.50000000000001
4,15.4,67,5.1,72.5
5,18.9,74,6.4,91.45065439550696
6,21.7,83,7.2,91.48699294114854
7,24.5,91,8.3,91.40669112763811
8,27.8,96,9.1,92.10572223104045
9,12.4,49,3.8,59.22807205931038
10,16.7,62,5.7,72.49999999999999
11,22.9,88,7.9,90.84007073127094
