amostra,velocidade_vento,umidade_relativa,vibracao_torre,valor_defuzzificado
1,5.2,18.0,0.8,8.208184418011147
2,7.5,35.0,1.9,22.12096325521913
3,10.8,42.0,3.2,52.49999999999999
4,13.6,58.0,4.5,72.5
5,15.4,67.0,5.1,72.49999999999999
6,18.9,74.0,6.4,91.09042104648208
7,21.7,83.0,7.2,91.34986291274184
8,24.5,91.0,8.3,91.13225392281373
9,27.8,96.0,9.1,91.94876806780441
10,12.4,49.0,3.8,59.976047383463765
11,16.7,62.0,5.7,72.5
12,22.9,88.0,7.9,90.63257810739263
