amostra,velocidade_vento,umidade_relativa,vibracao_torre,valor_defuzzificado
1,5.2,18.0,0.8,7.942301305175237
2,7.5,35.0,1.9,22.283109930908854
3,10.8,42.0,3.2,52.49999999999999
4,13.6,58.0,4.5,72.50000000000001
5,15.4,67.0,5.1,72.5
6,18.9,74.0,6.4,91.45065439550696
7,21.7,83.0,7.2,91.48699294114854
8,24.5,91.0,8.3,91.40669112763811
9,27.8,96.0,9.1,92.10572223104045
10,12.4,49.0,3.8,59.22807205931038
11,16.7,62.0,5.7,72.49999999999999
12,22.9,88.0,7.9,90.84007073127094
