amostra,velocidade_vento,umidade_relativa,vibracao_torre,valor_defuzzificado
0,5.2,18,0.8,8.208184418011147
1,7.5,35,1.9,22.12096325521913
2,10.8,42,3.2,52.49999999999999
3,13.6,58,4.5,72.5
4,15.4,67,5.1,72.49999999999999
5,18.9,74,6.4,91.09042104648208
6,21.7,83,7.2,91.34986291274184
7,24.5,91,8.3,91.13225392281373
8,27.8,96,9.1,91.94876806780441
9,12.4,49,3.8,59.976047383463765
10,16.7,62,5.7,72.5
11,22.9,88,7.9,90.63257810739263
